{"cameraMode":{"drawMode":0,"name":"Shaded","section":"Shading Mode"},"sceneLighting":false,"audioPlay":false,"sceneViewState":{"showFog":true,"showMaterialUpdate":false,"showSkybox":false,"showFlares":true,"showImageEffects":true,"showParticleSystems":true},"in2DMode":false,"pivot":{"x":539.9598999023438,"y":1170.0,"z":-7.450580596923828e-9},"rotation":{"x":0.006897862534970045,"y":-0.004500059876590967,"z":0.00003004884820256848,"w":0.9999698996543884},"size":4252.44873046875,"orthographic":true}